ID_Num|TITLE|FIRSTNAME_T|LASTNAME_T|BIRTH_DATE|GENDER|Work|MOBILE_PHONE1|จังหวัด
1|คุณ|จั่นเจา1|จั่นเจา1…|2/2/2000|M|พนังานเอกชน|0820506485|กทม
2|คุณ|จั่นเจา2|จั่นเจา2…|2/3/2000|M|พนังานเอกชน|0820506485|กทม
3|คุณ|จั่นเจา3|จั่นเจา3…|2/4/2000|M|พนังานเอกชน|0820506485|กทม
4|คุณ|หยก1|หยก1…|2/5/2000|W|พนังานเอกชน|0970140177|กทม
5|คุณ|หยก2|หยก2…|2/6/2000|W|พนังานเอกชน|0970140177|กทม
6|คุณ|หยก3|หยก3…|2/7/2000|W|พนังานเอกชน|0970140177|กทม
7|คุณ|กาน1|กาน1…|2/8/2000|M|พนังานเอกชน|0648218803|กทม
8|คุณ|กาน2|กาน2…|2/9/2000|M|พนังานเอกชน|0648218803|กทม
9|คุณ|กาน3|กาน3…|2/10/2000|M|พนังานเอกชน|0648218803|กทม
10|คุณ|จั่นเจา4|จั่นเจา1…|2/11/2000|M|พนังานเอกชน|0820506485|กทม
11|คุณ|จั่นเจา5|จั่นเจา2…|2/12/2000|M|พนังานเอกชน|0820506485|กทม
12|คุณ|จั่นเจา6|จั่นเจา3…|2/13/2000|M|พนังานเอกชน|0820506485|กทม
13|คุณ|หยก4|หยก1…|2/14/2000|W|พนังานเอกชน|0970140177|กทม
14|คุณ|หยก5|หยก2…|2/15/2000|W|พนังานเอกชน|0970140177|กทม
15|คุณ|หยก6|หยก3…|2/16/2000|W|พนังานเอกชน|0970140177|กทม
16|คุณ|กาน4|กาน1…|2/17/2000|M|พนังานเอกชน|0648218803|กทม
17|คุณ|กาน5|กาน2…|2/18/2000|M|พนังานเอกชน|0648218803|กทม
18|คุณ|กาน6|กาน3…|2/19/2000|M|พนังานเอกชน|0648218803|กทม
19|คุณ|จั่นเจา7|จั่นเจา1…|2/20/2000|M|พนังานเอกชน|0820506485|กทม
20|คุณ|จั่นเจา8|จั่นเจา2…|2/21/2000|M|พนังานเอกชน|0820506485|กทม
21|คุณ|จั่นเจา9|จั่นเจา3…|2/22/2000|M|พนังานเอกชน|0820506485|กทม
22|คุณ|หยก7|หยก1…|2/23/2000|W|พนังานเอกชน|0970140177|กทม
23|คุณ|หยก8|หยก2…|2/24/2000|W|พนังานเอกชน|0970140177|กทม
24|คุณ|หยก9|หยก3…|2/25/2000|W|พนังานเอกชน|0970140177|กทม
25|คุณ|กาน7|กาน1…|2/26/2000|M|พนังานเอกชน|0648218803|กทม
26|คุณ|กาน8|กาน2…|2/27/2000|M|พนังานเอกชน|0648218803|กทม
27|คุณ|กาน9|กาน3…|2/28/2000|M|พนังานเอกชน|0648218803|กทม
28|คุณ|จั่นเจา10|จั่นเจา1…|2/29/2000|M|พนังานเอกชน|0820506485|กทม
29|คุณ|จั่นเจา11|จั่นเจา2…|3/1/2000|M|พนังานเอกชน|0820506485|กทม
30|คุณ|จั่นเจา12|จั่นเจา3…|3/2/2000|M|พนังานเอกชน|0820506485|กทม
31|คุณ|หยก10|หยก1…|3/3/2000|W|พนังานเอกชน|0970140177|กทม
32|คุณ|หยก11|หยก2…|3/4/2000|W|พนังานเอกชน|0970140177|กทม
33|คุณ|หยก12|หยก3…|3/5/2000|W|พนังานเอกชน|0970140177|กทม
34|คุณ|กาน10|กาน1…|3/6/2000|M|พนังานเอกชน|0648218803|กทม
35|คุณ|กาน11|กาน2…|3/7/2000|M|พนังานเอกชน|0648218803|กทม
36|คุณ|กาน12|กาน3…|3/8/2000|M|พนังานเอกชน|0648218803|กทม
37|คุณ|จั่นเจา13|จั่นเจา1…|3/9/2000|M|พนังานเอกชน|0820506485|กทม
38|คุณ|จั่นเจา14|จั่นเจา2…|3/10/2000|M|พนังานเอกชน|0820506485|กทม
39|คุณ|จั่นเจา15|จั่นเจา3…|3/11/2000|M|พนังานเอกชน|0820506485|กทม
40|คุณ|หยก13|หยก1…|3/12/2000|W|พนังานเอกชน|0970140177|กทม
41|คุณ|หยก14|หยก2…|3/13/2000|W|พนังานเอกชน|0970140177|กทม
42|คุณ|หยก15|หยก3…|3/14/2000|W|พนังานเอกชน|0970140177|กทม
43|คุณ|กาน13|กาน1…|3/15/2000|M|พนังานเอกชน|0648218803|กทม
44|คุณ|กาน14|กาน2…|3/16/2000|M|พนังานเอกชน|0648218803|กทม
45|คุณ|กาน15|กาน3…|3/17/2000|M|พนังานเอกชน|0648218803|กทม
46|คุณ|จั่นเจา16|จั่นเจา1…|3/18/2000|M|พนังานเอกชน|0820506485|กทม
47|คุณ|จั่นเจา17|จั่นเจา2…|3/19/2000|M|พนังานเอกชน|0820506485|กทม
48|คุณ|จั่นเจา18|จั่นเจา3…|3/20/2000|M|พนังานเอกชน|0820506485|กทม
49|คุณ|หยก16|หยก1…|3/21/2000|W|พนังานเอกชน|0970140177|กทม
50|คุณ|หยก17|หยก2…|3/22/2000|W|พนังานเอกชน|0970140177|กทม
